{"b7OI/fcx3DcA16Ofkv9R0w==":"bg.jpeg","MypULV9tRpYaaam2yqa7mA==":"driver-645x128.png","TeuIAPbaZCG4i8VAShRGag==":"logo_black_png-128x128.png","yyEX4+3eTcMx3Y/CZnQQsQ==":"logo_symbol_black_png-128x128.png","eSrRqN/HgnmoISyS+qdyRQ==":"logo_symbol_whitecolor_jpg-128x128.jpg","nbaNN+Sh7ZVPoiF+/NIfIw==":"logo_symbol_whitecolor_png-128x128.png","8UlgMCnrqAg8OBZf9rwoDg==":"consultoria-1140x597.png","BEy21v23oXFXR1fcXX5ITA==":"cyber-security-illustration-1-600x600.png","H3tY361PjfS0eohtfHXQCw==":"devsecops-software-factory-600x501.png","PXcMX5K6b0isM28QNEPPcw==":"devsecops-software-factory%20(1)-600x501.png","0NW6LBvyvo/lfmjId4tNHw==":"cloud.webp","sS//LRLhQzJKD2XjkEZPEg==":"consultoria_ti-225x225.png","xtbHR0FJ6D40mFdFmhQuzA==":"consultoria_ti-450x450.png","xaBnNYInCjESPhtuTeQOGw==":"27.03-cont-1-600x313.png","jpbx6CiAg2LnKu6bBVSgig==":"concultoria.2-600x483.png"}